[{"model": "admin.logentry", "pk": 1, "fields": {"action_time": "2023-04-24T16:57:48.848Z", "user": 1, "content_type": 13, "object_id": "1", "object_repr": "face_cleanser", "action_flag": 1, "change_message": "[{\"added\": {}}]"}}, {"model": "admin.logentry", "pk": 2, "fields": {"action_time": "2023-04-24T16:58:04.765Z", "user": 1, "content_type": 13, "object_id": "2", "object_repr": "face_moisturiser", "action_flag": 1, "change_message": "[{\"added\": {}}]"}}, {"model": "admin.logentry", "pk": 3, "fields": {"action_time": "2023-04-24T16:58:59.666Z", "user": 1, "content_type": 13, "object_id": "3", "object_repr": "face_treatment", "action_flag": 1, "change_message": "[{\"added\": {}}]"}}, {"model": "admin.logentry", "pk": 4, "fields": {"action_time": "2023-04-24T16:59:15.988Z", "user": 1, "content_type": 13, "object_id": "4", "object_repr": "body moisturiser", "action_flag": 1, "change_message": "[{\"added\": {}}]"}}, {"model": "admin.logentry", "pk": 5, "fields": {"action_time": "2023-04-24T16:59:41.466Z", "user": 1, "content_type": 13, "object_id": "5", "object_repr": "body bath and shower", "action_flag": 1, "change_message": "[{\"added\": {}}]"}}, {"model": "admin.logentry", "pk": 6, "fields": {"action_time": "2023-04-24T17:00:22.727Z", "user": 1, "content_type": 13, "object_id": "6", "object_repr": "Organic body lotion", "action_flag": 1, "change_message": "[{\"added\": {}}]"}}, {"model": "admin.logentry", "pk": 7, "fields": {"action_time": "2023-04-24T17:01:33.156Z", "user": 1, "content_type": 13, "object_id": "7", "object_repr": "Organic face deep moisturiser", "action_flag": 1, "change_message": "[{\"added\": {}}]"}}, {"model": "admin.logentry", "pk": 8, "fields": {"action_time": "2023-04-24T17:04:34.726Z", "user": 1, "content_type": 14, "object_id": "1", "object_repr": "Pure Face Cleanser Duo", "action_flag": 1, "change_message": "[{\"added\": {}}]"}}, {"model": "admin.logentry", "pk": 9, "fields": {"action_time": "2023-04-24T17:08:46.370Z", "user": 1, "content_type": 4, "object_id": "1", "object_repr": "newsuperuser1", "action_flag": 2, "change_message": "[{\"changed\": {\"fields\": [\"Email address\"]}}]"}}, {"model": "admin.logentry", "pk": 10, "fields": {"action_time": "2023-04-24T17:09:48.031Z", "user": 1, "content_type": 8, "object_id": "1", "object_repr": "test@testing.com", "action_flag": 2, "change_message": "[{\"changed\": {\"fields\": [\"Verified\", \"Primary\"]}}]"}}, {"model": "admin.logentry", "pk": 11, "fields": {"action_time": "2023-04-26T10:52:52.288Z", "user": 1, "content_type": 13, "object_id": "8", "object_repr": "masks_trea", "action_flag": 1, "change_message": "[{\"added\": {}}]"}}, {"model": "admin.logentry", "pk": 12, "fields": {"action_time": "2023-04-26T10:53:09.243Z", "user": 1, "content_type": 13, "object_id": "8", "object_repr": "masks_trea", "action_flag": 3, "change_message": ""}}, {"model": "admin.logentry", "pk": 13, "fields": {"action_time": "2023-04-26T10:53:29.678Z", "user": 1, "content_type": 13, "object_id": "9", "object_repr": "masks_treatments", "action_flag": 1, "change_message": "[{\"added\": {}}]"}}, {"model": "admin.logentry", "pk": 14, "fields": {"action_time": "2023-04-26T11:07:30.804Z", "user": 1, "content_type": 13, "object_id": "10", "object_repr": "body_moisturiser", "action_flag": 1, "change_message": "[{\"added\": {}}]"}}, {"model": "admin.logentry", "pk": 15, "fields": {"action_time": "2023-04-26T11:07:57.358Z", "user": 1, "content_type": 13, "object_id": "11", "object_repr": "body_bath_shower", "action_flag": 1, "change_message": "[{\"added\": {}}]"}}, {"model": "admin.logentry", "pk": 16, "fields": {"action_time": "2023-04-26T11:08:22.809Z", "user": 1, "content_type": 14, "object_id": "2", "object_repr": "Natural Bath Oil", "action_flag": 2, "change_message": "[{\"changed\": {\"fields\": [\"Category\"]}}]"}}, {"model": "admin.logentry", "pk": 17, "fields": {"action_time": "2023-04-26T11:08:31.026Z", "user": 1, "content_type": 14, "object_id": "3", "object_repr": "Light Body Moisturiser", "action_flag": 2, "change_message": "[{\"changed\": {\"fields\": [\"Category\"]}}]"}}, {"model": "admin.logentry", "pk": 18, "fields": {"action_time": "2023-04-26T11:08:39.262Z", "user": 1, "content_type": 14, "object_id": "5", "object_repr": "Argan Oil Rich Body Moisturiser", "action_flag": 2, "change_message": "[{\"changed\": {\"fields\": [\"Category\"]}}]"}}, {"model": "admin.logentry", "pk": 19, "fields": {"action_time": "2023-04-26T11:08:48.116Z", "user": 1, "content_type": 14, "object_id": "6", "object_repr": "Seaweed Body Scrub", "action_flag": 2, "change_message": "[{\"changed\": {\"fields\": [\"Category\"]}}]"}}, {"model": "admin.logentry", "pk": 20, "fields": {"action_time": "2023-04-26T11:08:54.519Z", "user": 1, "content_type": 14, "object_id": "6", "object_repr": "Seaweed Body Scrub", "action_flag": 2, "change_message": "[]"}}, {"model": "admin.logentry", "pk": 21, "fields": {"action_time": "2023-04-26T11:08:58.586Z", "user": 1, "content_type": 14, "object_id": "6", "object_repr": "Seaweed Body Scrub", "action_flag": 2, "change_message": "[]"}}, {"model": "admin.logentry", "pk": 22, "fields": {"action_time": "2023-04-26T11:09:04.536Z", "user": 1, "content_type": 14, "object_id": "7", "object_repr": "Sensitive Body Moisturiser Duo", "action_flag": 2, "change_message": "[{\"changed\": {\"fields\": [\"Category\"]}}]"}}, {"model": "admin.logentry", "pk": 23, "fields": {"action_time": "2023-04-26T11:09:11.786Z", "user": 1, "content_type": 14, "object_id": "8", "object_repr": "Shower and Bath Gel Duo", "action_flag": 2, "change_message": "[{\"changed\": {\"fields\": [\"Category\"]}}]"}}, {"model": "admin.logentry", "pk": 24, "fields": {"action_time": "2023-04-26T11:09:19.629Z", "user": 1, "content_type": 14, "object_id": "9", "object_repr": "Ultra Hydrating Shower Oil", "action_flag": 2, "change_message": "[{\"changed\": {\"fields\": [\"Category\"]}}]"}}, {"model": "admin.logentry", "pk": 25, "fields": {"action_time": "2023-04-26T11:09:27.241Z", "user": 1, "content_type": 14, "object_id": "10", "object_repr": "Ultra Hydrating Body Duo", "action_flag": 2, "change_message": "[{\"changed\": {\"fields\": [\"Category\"]}}]"}}, {"model": "admin.logentry", "pk": 26, "fields": {"action_time": "2023-04-26T11:09:33.396Z", "user": 1, "content_type": 14, "object_id": "11", "object_repr": "Air whipped Body Cream", "action_flag": 2, "change_message": "[{\"changed\": {\"fields\": [\"Category\"]}}]"}}, {"model": "admin.logentry", "pk": 27, "fields": {"action_time": "2023-04-26T11:09:39.732Z", "user": 1, "content_type": 14, "object_id": "4", "object_repr": "Gentle Oat Milk Body Lotion", "action_flag": 2, "change_message": "[{\"changed\": {\"fields\": [\"Category\"]}}]"}}, {"model": "admin.logentry", "pk": 28, "fields": {"action_time": "2023-04-26T11:09:43.696Z", "user": 1, "content_type": 14, "object_id": "4", "object_repr": "Gentle Oat Milk Body Lotion", "action_flag": 2, "change_message": "[]"}}, {"model": "admin.logentry", "pk": 29, "fields": {"action_time": "2023-04-26T11:09:49.751Z", "user": 1, "content_type": 14, "object_id": "1", "object_repr": "Pure Face Cleanser Duo", "action_flag": 2, "change_message": "[]"}}, {"model": "admin.logentry", "pk": 30, "fields": {"action_time": "2023-04-27T16:18:28.315Z", "user": 1, "content_type": 14, "object_id": "12", "object_repr": "Face Daily Duo", "action_flag": 1, "change_message": "[{\"added\": {}}]"}}, {"model": "admin.logentry", "pk": 31, "fields": {"action_time": "2023-04-27T16:20:12.179Z", "user": 1, "content_type": 14, "object_id": "13", "object_repr": "Gently Eye Moisturiser", "action_flag": 1, "change_message": "[{\"added\": {}}]"}}, {"model": "admin.logentry", "pk": 32, "fields": {"action_time": "2023-04-27T16:24:25.584Z", "user": 1, "content_type": 14, "object_id": "14", "object_repr": "Soothing Eye Serum", "action_flag": 1, "change_message": "[{\"added\": {}}]"}}, {"model": "admin.logentry", "pk": 33, "fields": {"action_time": "2023-04-27T16:30:52.504Z", "user": 1, "content_type": 14, "object_id": "15", "object_repr": "Daily Light Face Moisturiser", "action_flag": 1, "change_message": "[{\"added\": {}}]"}}, {"model": "admin.logentry", "pk": 34, "fields": {"action_time": "2023-04-27T16:33:16.877Z", "user": 1, "content_type": 14, "object_id": "16", "object_repr": "Night Rescue Face Serum", "action_flag": 1, "change_message": "[{\"added\": {}}]"}}, {"model": "admin.logentry", "pk": 35, "fields": {"action_time": "2023-04-27T16:52:45.492Z", "user": 1, "content_type": 14, "object_id": "17", "object_repr": "Ultra Nourishing Face Serum", "action_flag": 1, "change_message": "[{\"added\": {}}]"}}, {"model": "admin.logentry", "pk": 36, "fields": {"action_time": "2023-04-27T17:11:27.980Z", "user": 1, "content_type": 14, "object_id": "18", "object_repr": "Gentle Cleansing Gel", "action_flag": 1, "change_message": "[{\"added\": {}}]"}}, {"model": "admin.logentry", "pk": 37, "fields": {"action_time": "2023-04-27T17:19:50.505Z", "user": 1, "content_type": 14, "object_id": "19", "object_repr": "Face Ultra Rescue Serum", "action_flag": 1, "change_message": "[{\"added\": {}}]"}}, {"model": "admin.logentry", "pk": 38, "fields": {"action_time": "2023-04-27T17:21:51.629Z", "user": 1, "content_type": 14, "object_id": "20", "object_repr": "Face Trio", "action_flag": 1, "change_message": "[{\"added\": {}}]"}}, {"model": "admin.logentry", "pk": 39, "fields": {"action_time": "2023-04-27T17:42:37.888Z", "user": 1, "content_type": 13, "object_id": "7", "object_repr": "Organic face deep moisturiser", "action_flag": 3, "change_message": ""}}, {"model": "admin.logentry", "pk": 40, "fields": {"action_time": "2023-04-27T17:42:37.893Z", "user": 1, "content_type": 13, "object_id": "6", "object_repr": "Organic body lotion", "action_flag": 3, "change_message": ""}}, {"model": "admin.logentry", "pk": 41, "fields": {"action_time": "2023-04-27T17:42:51.707Z", "user": 1, "content_type": 13, "object_id": "5", "object_repr": "body bath and shower", "action_flag": 3, "change_message": ""}}, {"model": "admin.logentry", "pk": 42, "fields": {"action_time": "2023-04-27T17:43:28.357Z", "user": 1, "content_type": 13, "object_id": "4", "object_repr": "body moisturiser", "action_flag": 3, "change_message": ""}}, {"model": "admin.logentry", "pk": 43, "fields": {"action_time": "2023-04-27T17:44:04.170Z", "user": 1, "content_type": 13, "object_id": "3", "object_repr": "face_treatment", "action_flag": 3, "change_message": ""}}, {"model": "admin.logentry", "pk": 44, "fields": {"action_time": "2023-04-27T17:44:24.285Z", "user": 1, "content_type": 13, "object_id": "12", "object_repr": "organic_face", "action_flag": 1, "change_message": "[{\"added\": {}}]"}}, {"model": "admin.logentry", "pk": 45, "fields": {"action_time": "2023-04-27T17:44:38.808Z", "user": 1, "content_type": 13, "object_id": "13", "object_repr": "organic_body", "action_flag": 1, "change_message": "[{\"added\": {}}]"}}, {"model": "admin.logentry", "pk": 46, "fields": {"action_time": "2023-04-27T17:47:41.421Z", "user": 1, "content_type": 14, "object_id": "14", "object_repr": "Soothing Eye Serum", "action_flag": 2, "change_message": "[{\"changed\": {\"fields\": [\"Category\"]}}]"}}, {"model": "admin.logentry", "pk": 47, "fields": {"action_time": "2023-04-27T17:47:47.073Z", "user": 1, "content_type": 14, "object_id": "16", "object_repr": "Night Rescue Face Serum", "action_flag": 2, "change_message": "[{\"changed\": {\"fields\": [\"Category\"]}}]"}}, {"model": "admin.logentry", "pk": 48, "fields": {"action_time": "2023-04-27T17:47:57.261Z", "user": 1, "content_type": 14, "object_id": "17", "object_repr": "Ultra Nourishing Face Serum", "action_flag": 2, "change_message": "[{\"changed\": {\"fields\": [\"Category\"]}}]"}}, {"model": "admin.logentry", "pk": 49, "fields": {"action_time": "2023-04-27T17:48:02.686Z", "user": 1, "content_type": 14, "object_id": "19", "object_repr": "Face Ultra Rescue Serum", "action_flag": 2, "change_message": "[{\"changed\": {\"fields\": [\"Category\"]}}]"}}, {"model": "admin.logentry", "pk": 50, "fields": {"action_time": "2023-04-27T17:48:14.077Z", "user": 1, "content_type": 14, "object_id": "20", "object_repr": "Face Trio", "action_flag": 2, "change_message": "[{\"changed\": {\"fields\": [\"Category\"]}}]"}}, {"model": "admin.logentry", "pk": 51, "fields": {"action_time": "2023-04-27T17:50:07.780Z", "user": 1, "content_type": 14, "object_id": "21", "object_repr": "Organic Body and Face duo", "action_flag": 1, "change_message": "[{\"added\": {}}]"}}, {"model": "admin.logentry", "pk": 52, "fields": {"action_time": "2023-04-27T17:52:00.073Z", "user": 1, "content_type": 14, "object_id": "22", "object_repr": "Organic Daily Body Lotion", "action_flag": 1, "change_message": "[{\"added\": {}}]"}}, {"model": "admin.logentry", "pk": 53, "fields": {"action_time": "2023-04-27T17:52:37.149Z", "user": 1, "content_type": 14, "object_id": "16", "object_repr": "Night Rescue Face Serum", "action_flag": 2, "change_message": "[{\"changed\": {\"fields\": [\"Image\"]}}]"}}, {"model": "admin.logentry", "pk": 54, "fields": {"action_time": "2023-04-27T17:56:09.147Z", "user": 1, "content_type": 14, "object_id": "23", "object_repr": "Organic Daily Face Moisturiser", "action_flag": 1, "change_message": "[{\"added\": {}}]"}}, {"model": "admin.logentry", "pk": 55, "fields": {"action_time": "2023-04-27T17:57:14.461Z", "user": 1, "content_type": 14, "object_id": "21", "object_repr": "Organic Face duo", "action_flag": 2, "change_message": "[{\"changed\": {\"fields\": [\"Name\", \"Description\"]}}]"}}, {"model": "admin.logentry", "pk": 56, "fields": {"action_time": "2023-04-27T18:26:49.281Z", "user": 1, "content_type": 14, "object_id": "24", "object_repr": "Organic Face and Eye Serum", "action_flag": 1, "change_message": "[{\"added\": {}}]"}}, {"model": "admin.logentry", "pk": 57, "fields": {"action_time": "2023-04-27T18:31:50.181Z", "user": 1, "content_type": 14, "object_id": "25", "object_repr": "Organic Face Trio", "action_flag": 1, "change_message": "[{\"added\": {}}]"}}, {"model": "admin.logentry", "pk": 58, "fields": {"action_time": "2023-04-27T18:34:52.494Z", "user": 1, "content_type": 14, "object_id": "26", "object_repr": "Organic Night Eye and Face Serum", "action_flag": 1, "change_message": "[{\"added\": {}}]"}}, {"model": "admin.logentry", "pk": 59, "fields": {"action_time": "2023-04-27T18:35:48.618Z", "user": 1, "content_type": 14, "object_id": "27", "object_repr": "Organic Night Serum", "action_flag": 1, "change_message": "[{\"added\": {}}]"}}, {"model": "admin.logentry", "pk": 60, "fields": {"action_time": "2023-04-27T18:37:37.211Z", "user": 1, "content_type": 14, "object_id": "28", "object_repr": "Organic Rich Shower Oil", "action_flag": 1, "change_message": "[{\"added\": {}}]"}}, {"model": "admin.logentry", "pk": 61, "fields": {"action_time": "2023-04-27T18:41:02.856Z", "user": 1, "content_type": 14, "object_id": "29", "object_repr": "Organic Face Trio", "action_flag": 1, "change_message": "[{\"added\": {}}]"}}, {"model": "admin.logentry", "pk": 62, "fields": {"action_time": "2023-04-27T18:43:44.629Z", "user": 1, "content_type": 14, "object_id": "30", "object_repr": "Organic deep moisturising cream", "action_flag": 1, "change_message": "[{\"added\": {}}]"}}, {"model": "auth.user", "pk": 1, "fields": {"password": "pbkdf2_sha256$260000$UuwF2YUKnI3MmqPPQ7LrWH$0xdEvPhfbBj3rPUmNvrY23ApphPcMWgIhkAEZ4HeICQ=", "last_login": "2023-05-01T10:35:02.567Z", "is_superuser": true, "username": "newsuperuser1", "first_name": "", "last_name": "", "email": "test@testing.com", "is_staff": true, "is_active": true, "date_joined": "2023-04-19T07:57:24Z", "groups": [], "user_permissions": []}}, {"model": "auth.user", "pk": 2, "fields": {"password": "pbkdf2_sha256$260000$ZyPHHee37KeOodR3NGL2um$pXPJzBwFxJkplZl/JQ0H1T2uhL/3SzGiL1Iw4c+qR3M=", "last_login": "2023-04-24T21:04:27.792Z", "is_superuser": false, "username": "sally22", "first_name": "", "last_name": "", "email": "rozwelch@gmail.com", "is_staff": false, "is_active": true, "date_joined": "2023-04-24T18:30:47.556Z", "groups": [], "user_permissions": []}}, {"model": "auth.user", "pk": 3, "fields": {"password": "pbkdf2_sha256$260000$Bn4BaneHMEaRh3WKnQfAg5$2HmyKWZsxqnoSIfG4QIFYp8dDxKm9/868Uh7/8d+5hU=", "last_login": "2023-04-29T21:54:45.242Z", "is_superuser": false, "username": "Sally99", "first_name": "", "last_name": "", "email": "gem2022acc@yahoo.com", "is_staff": false, "is_active": true, "date_joined": "2023-04-29T21:13:34.515Z", "groups": [], "user_permissions": []}}, {"model": "sessions.session", "pk": "1gcbtml64sj629hokf6zd7a16wdadd0v", "fields": {"session_data": ".eJxVjDsOwjAQBe_iGlmx4y8lPWew1rsbHEC2FCcV4u4QKQW0b2beSyTY1pK2zkuaSZyFEqffLQM-uO6A7lBvTWKr6zJnuSvyoF1eG_Hzcrh_BwV6-dYaA0c9eMvaGhUCoacMbBGcGh1O3miMDvJozAA-ToxROZuVp2iQnBLvD-BEN90:1pt8rL:0ne4zyPR_m3Jq8DXcQskeWnTta9mVFXGl2gDQlwxldE", "expire_date": "2023-05-14T15:21:07.008Z"}}, {"model": "sessions.session", "pk": "2e4ralwaluxqmco8o9oczu5fyw75f5d0", "fields": {"session_data": ".eJxVjMsOgjAQRf9l1qQpbZG2S_d-QzPTh1RNMRQSDeHflYSFbu8596zgcJkHt9Q4uRzAgoDmdyP091h2EG5YriPzY5mnTGxX2EEru4whPs6H-xcYsA7fNydFvqMgsOWaa2WSMV4GoXtJiYLqpUF-4lwg6mh89NQZqTAlLXrdyrRHa6w1j8XF1zNPb7C8AcIr2BVasGrbPh-lQu8:1prQUM:bNY-UGZ2C5SLf8sHzgcpr8RRvWfjSK4BDQtwUDFCxbg", "expire_date": "2023-05-09T21:46:18.579Z"}}, {"model": "sessions.session", "pk": "2y4eb9tlurgsmom34o2hscinosloe3ib", "fields": {"session_data": ".eJxVjDsOwjAQBe_iGlmx4y8lPWew1rsbHEC2FCcV4u4QKQW0b2beSyTY1pK2zkuaSZyFEqffLQM-uO6A7lBvTWKr6zJnuSvyoF1eG_Hzcrh_BwV6-dYaA0c9eMvaGhUCoacMbBGcGh1O3miMDvJozAA-ToxROZuVp2iQnBLvD-BEN90:1ptQs2:kD0NoO4Qrvwq2Brx45POGIeyeMY_x7i-szPDReK7kT4", "expire_date": "2023-05-15T10:35:02.636Z"}}, {"model": "sessions.session", "pk": "32cq14azmwj7hlo26tzcchz7k7kktyds", "fields": {"session_data": ".eJxVjMFuwyAQRP9lz5a1xsQOPubeb0ALLDGJAxWYqFXVf48dRZFynPdm5g_I2lTjqu-cgw_sNN8oLDDFuizN29bCGSYQ0ICmus5PoIPbWPfJDNkrx124C8Vzam2Kaw6m3Svty5b2KzleTq_ux8FMZd7Wg7UKyfij8mTQ9yiO3eildAejBB_cgB2qXpHyg0AklGKUozG8Bcuy7_fTwqWEFDX_fIf8C1MnUA2IDRS6sw7RJ5jWXPn_AfF2V4A:1ptPoj:icFBPrzlilgFZgANwW9sNb6jdmNEli0buDtF9a8tMME", "expire_date": "2023-05-15T09:27:33.798Z"}}, {"model": "sessions.session", "pk": "374ja3682wdmc0migqqdueljv5pcak79", "fields": {"session_data": "eyJiYWciOnsiMSI6Mn19:1pr0K8:yREyjNfUPthTe0GrzgvWHSeOHCrVjL9YqS7BMmL7dv8", "expire_date": "2023-05-08T17:50:00.251Z"}}, {"model": "sessions.session", "pk": "7ptmbvkz64vs7n9woh7g0pxqkppv1fs8", "fields": {"session_data": ".eJxVjMsOgjAQRf-la9L0AcVh6d5vaKbtAFXTGgqJhvDvQsJCt-fce1ZmcZlHuxSabAysY5pVv8yhf1A6RLhjGjL3Oc1TdPyY8NMWfsuBntdz-xcYsYz7WzhAE4iglqqXSpDSqm9JQgCvFEjtBei2vzQEQaJTdSNFcKYNKMxFY31EC5USc7L0fsXpw7o9A0aIijkcWLcytaNt-wKIKkOG:1pssIu:IY7XJiSIXzvpGerT42cpFPPZpDNiuZDhrFgdspxCicM", "expire_date": "2023-05-13T21:40:28.179Z"}}, {"model": "sessions.session", "pk": "gqcid76my042tgckgii7kg9ee9f8hej1", "fields": {"session_data": ".eJxVjDsOwjAQBe_iGlmx4y8lPWew1rsbHEC2FCcV4u4QKQW0b2beSyTY1pK2zkuaSZyFEqffLQM-uO6A7lBvTWKr6zJnuSvyoF1eG_Hzcrh_BwV6-dYaA0c9eMvaGhUCoacMbBGcGh1O3miMDvJozAA-ToxROZuVp2iQnBLvD-BEN90:1ptQNR:_nKpamCWNluOeHk1ZqaVI6mT4VwdQxEteIR5uFlyWYo", "expire_date": "2023-05-15T10:03:25.918Z"}}, {"model": "sessions.session", "pk": "ifgtmrhr3ud62ms7pu67emyvhxxsxvc9", "fields": {"session_data": ".eJxVjssOwiAURP-FtSGAPEqX7v0GcrncWtSAKW2iMf671nSh2zlnJvNkAZZ5DEujKeTEeibZ7jeLgBcqK0hnKKfKsZZ5ypGvCt9o48ea6HrY3L-BEdr4aSvsyCvhDCmjZdcldCkCGQQr9xYHpxV6C3GvtQDnB0IvrYnSJa8x2e-rRq3lWgLdb3l6sF4q4a0QrzcFFUBM:1ptAho:il6tH4ZkJxXJ8Sp6ky3IjloEI0pIt0stf5wCGZ9kKBg", "expire_date": "2023-05-14T17:19:24.694Z"}}, {"model": "sessions.session", "pk": "rupg2ptz7sapsliuudktasaaegwnw6am", "fields": {"session_data": ".eJxVjDsOwjAQBe_iGlmx4y8lPWew1rsbHEC2FCcV4u4QKQW0b2beSyTY1pK2zkuaSZyFEqffLQM-uO6A7lBvTWKr6zJnuSvyoF1eG_Hzcrh_BwV6-dYaA0c9eMvaGhUCoacMbBGcGh1O3miMDvJozAA-ToxROZuVp2iQnBLvD-BEN90:1pt9YD:rODEx8SjZzZQliNfE8V5SGSVt8TG6z80o3ZWFSy91Jc", "expire_date": "2023-05-14T16:05:25.579Z"}}, {"model": "sessions.session", "pk": "vasrwon4if2ls2m7qef3pqo1llx7d4wx", "fields": {"session_data": ".eJxljdsKwjAMQP-lz2P0slv2pj9SsjZlxdrJuoki_rvdGIL4mHOSkxdDY6Y1LvpOs3eerKYr-sD6uIZQfO2aaGY9U6xgGtdl3IH29p8NaC4UN4EhbLg8GuW-c-hUnvJEcfEGFz_F83H1kxoxjbnDB8DGEkElpBOSk1TStSTAgpEShDIcVOu6msAKHGRVC26HprXIm05htUUTpZTfaHrc_Pxkfc5Aw_n7A0rTVd8:1pssWj:JTHsjOaVrmdpAs9y8tUHE7wkFjf-3BRbJeUJnDAy5MI", "expire_date": "2023-05-13T21:54:45.425Z"}}, {"model": "sites.site", "pk": 1, "fields": {"domain": "example.com", "name": "example.com"}}, {"model": "account.emailaddress", "pk": 1, "fields": {"user": 1, "email": "test@testing.com", "verified": true, "primary": true}}, {"model": "account.emailaddress", "pk": 2, "fields": {"user": 2, "email": "rozwelch@gmail.com", "verified": true, "primary": true}}, {"model": "account.emailaddress", "pk": 3, "fields": {"user": 3, "email": "gem2022acc@yahoo.com", "verified": true, "primary": true}}, {"model": "products.skincategory", "pk": 1, "fields": {"name": "face_cleanser", "friendly_name": "face cleanser"}}, {"model": "products.skincategory", "pk": 2, "fields": {"name": "face_moisturiser", "friendly_name": "face moisturiser"}}, {"model": "products.skincategory", "pk": 9, "fields": {"name": "masks_treatments", "friendly_name": "Masks and Treatments"}}, {"model": "products.skincategory", "pk": 10, "fields": {"name": "body_moisturiser", "friendly_name": "Body Moisturiser"}}, {"model": "products.skincategory", "pk": 11, "fields": {"name": "body_bath_shower", "friendly_name": "Body Bath and Shower"}}, {"model": "products.skincategory", "pk": 12, "fields": {"name": "organic_face", "friendly_name": "Organic Face"}}, {"model": "products.skincategory", "pk": 13, "fields": {"name": "organic_body", "friendly_name": "Organic Body"}}, {"model": "products.product", "pk": 1, "fields": {"category": 1, "sku": "FA0003", "name": "Pure Face Cleanser Duo", "product_size": "150ml", "description": "A light and nourishing daily cleaner for the face, and a gently cleaner for the eye area. Suitable for all skin types.", "price": "22.99", "image_url": null, "image": "face_cleanser_duo.jpg", "is_new": true, "star_rating": null, "review_count": null}}, {"model": "products.product", "pk": 2, "fields": {"category": 11, "sku": "BD0002", "name": "Natural Bath Oil", "product_size": "100ml", "description": "A moisturising and lightly scented oil for the bath. Made from almond oil with a delicate vanilla scent.", "price": "14.50", "image_url": null, "image": "body_bath_oil.jpg", "is_new": true, "star_rating": null, "review_count": null}}, {"model": "products.product", "pk": 3, "fields": {"category": 10, "sku": "BD0003", "name": "Light Body Moisturiser", "product_size": "200ml", "description": "A nourishing, hydrating and rejuvenating daily moisturising cream that is loaded with natural ingredients to provide your skin with a beautiful glow.", "price": "18.70", "image_url": null, "image": "body_daily_mosturiser_200ml.jpg", "is_new": true, "star_rating": 3, "review_count": null}}, {"model": "products.product", "pk": 4, "fields": {"category": 10, "sku": "BD004", "name": "Gentle Oat Milk Body Lotion", "product_size": "200ml", "description": "A nourishing, hydrating and rejuvenating daily moisturising lotion, with calming ingredients including oat milk.  Designed for the most sensitive skin to leave your skin with a beautiful glow.", "price": "14.50", "image_url": null, "image": "body_oat_milk_moisturiser_200ml.jpg", "is_new": true, "star_rating": 4, "review_count": null}}, {"model": "products.product", "pk": 5, "fields": {"category": 10, "sku": "BD0005", "name": "Argan Oil Rich Body Moisturiser", "product_size": "200ml", "description": "Decadently air-whipped for easy absorption, this nourishing, antioxidant blend of Argan and Jojoba Oils hydrates and smooths. Shea Butter optimises skin condition while Bergamot Oil leave skin feeling soft and supple.", "price": "22.90", "image_url": null, "image": "body_rich_moisturiser.jpg", "is_new": true, "star_rating": 5, "review_count": null}}, {"model": "products.product", "pk": 6, "fields": {"category": 11, "sku": "BD0006", "name": "Seaweed Body Scrub", "product_size": "100ml", "description": "Reach for this uplifting sugar scrub for body perfection. Raw Cane Sugar, Coconut Oil and Jojoba Oil combine for a moisture boost with gentle exfoliation. With seaweed to nourish the skin, and a delicate ocean frangrance.", "price": "17.90", "image_url": null, "image": "body_seaweed_scrub_100ml.jpg", "is_new": true, "star_rating": 4, "review_count": null}}, {"model": "products.product", "pk": 7, "fields": {"category": 10, "sku": "BD0007", "name": "Sensitive Body Moisturiser Duo", "product_size": "300ml", "description": "Nourishing blend of Jojoba, Grape Seed and Argan Oils. Vitamin-rich ingredients hydrate and tone for softer, supple skin. Our body moisturiser duo is popular as a gift item, and includes a 100ml Rich Body cream for intense hydration, and 200ml of our lighter body lotion. With Lavender essential oils help instill a sense of calm.", "price": "26.90", "image_url": null, "image": "body_sensitive_skin_duo.jpg", "is_new": true, "star_rating": 5, "review_count": null}}, {"model": "products.product", "pk": 8, "fields": {"category": 11, "sku": "BD0008", "name": "Shower and Bath Gel Duo", "product_size": "300ml", "description": "Prepare yourself for the day ahead with this gentle coconut derived cleanser with our shower and bath gels, rich in protein and Vitamins A and B. Uplifting Grapefruit, Bergamot and Orange essential oils revitalise, while rejuvenating Eucalyptus helps to stimulate the senses and promote clarity of thought. Antioxidant Rosemary provides protection against environmental stressors.", "price": "24.50", "image_url": null, "image": "body_shower_duo.jpg", "is_new": true, "star_rating": null, "review_count": null}}, {"model": "products.product", "pk": 9, "fields": {"category": 11, "sku": "BD0009", "name": "Ultra Hydrating Shower Oil", "product_size": "50ml", "description": "Deeply nourishing aromatic body oil. Deeply nourish skin and alleviate dryness with a vitamin-rich blend of Jojoba, Grape Seed and Argan Oil. Lavender and Moroccan Chamomile essential oils help rejuvenate skin, while Patchouli relaxes the mind and body.", "price": "14.00", "image_url": null, "image": "body_shower_oil_50ml.jpg", "is_new": true, "star_rating": null, "review_count": null}}, {"model": "products.product", "pk": 10, "fields": {"category": 10, "sku": "BD0010", "name": "Ultra Hydrating Body Duo", "product_size": "200ml", "description": "Decadently air-whipped for easy absorption, this nourishing, antioxidant blend of Jojoba and Argan Oils hydrates and smooths. Shea Butter optimises skin condition while Mandarin Orange Oils leave skin feeling soft and supple. Our duo set contains a 50m butter for the driest areas, and a 150ml cream for daily use.", "price": "25.90", "image_url": null, "image": "body_ultra_hydrating_duo.jpg", "is_new": false, "star_rating": null, "review_count": null}}, {"model": "products.product", "pk": 11, "fields": {"category": 10, "sku": "BD0011", "name": "Air whipped Body Cream", "product_size": "150ml", "description": "Decadently air-whipped for easy absorption, this nourishing, antioxidant blend of Jojoba and Argan Oils hydrates and smooths. Shea Butter optimises skin condition while Mandarin Orange Oils leave skin feeling soft and supple.", "price": "12.70", "image_url": null, "image": "body_ultra_rich_moisturiser.jpg", "is_new": false, "star_rating": null, "review_count": null}}, {"model": "products.product", "pk": 12, "fields": {"category": 2, "sku": "FA0003", "name": "Face Daily Duo", "product_size": "150ml", "description": "A nourishing eye cream, extra soothing for the delicate eye area. Combined with a light daily moisturiser, everything you need for your daily moisture boost.", "price": "16.90", "image_url": null, "image": "face_daily_duo.jpg", "is_new": false, "star_rating": null, "review_count": null}}, {"model": "products.product", "pk": 13, "fields": {"category": 2, "sku": "FA0004", "name": "Gently Eye Moisturiser", "product_size": "50ml", "description": "A soothing, gentle formula for the delicate eye area. Formulated with ultra hydrating oils, non-irritating and fragrance free.", "price": "14.50", "image_url": null, "image": "face_daily_eye_cream.jpg", "is_new": false, "star_rating": null, "review_count": null}}, {"model": "products.product", "pk": 14, "fields": {"category": 2, "sku": "FA0005", "name": "Soothing Eye Serum", "product_size": "50ml", "description": "A soothing night treatment for tired, irritated eyes. Gentle and nourishing, fragrance-free for delicate skin.", "price": "15.70", "image_url": null, "image": "face_eye_serum_30ml.jpg", "is_new": false, "star_rating": null, "review_count": null}}, {"model": "products.product", "pk": 15, "fields": {"category": 2, "sku": "FA0006", "name": "Daily Light Face Moisturiser", "product_size": "100ml", "description": "A lightweight formula that restores the skin’s barrier without increasing oiliness, leaving a nice finish. It reduces visible pores and leaves a soft matte look if you struggle with excess oil and shine. The pore-minimising effect also makes it an excellent base for makeup.", "price": "18.00", "image_url": null, "image": "face_moisturiser_day_100ml.jpg", "is_new": true, "star_rating": 5, "review_count": null}}, {"model": "products.product", "pk": 16, "fields": {"category": 2, "sku": "FA0007", "name": "Night Rescue Face Serum", "product_size": "50ml", "description": "Our best-selling serum, tackling uneven texture, tone, and preventing future breakouts. Contains both alpha-hydroxy and beta-hydroxy acids (in the form of glycolic acid and white willow bark, respectively), as well as grapefruit extract for a dose of vitamin C. The fruity scent is just a bonus!", "price": "19.90", "image_url": null, "image": "face_skin_rescue_serum_50ml.jpg", "is_new": false, "star_rating": 4, "review_count": null}}, {"model": "products.product", "pk": 17, "fields": {"category": 9, "sku": "FA0008", "name": "Ultra Nourishing Face Serum", "product_size": "50ml", "description": "A unique type of retinol, accelerated retinol SA, that helps to boosts radiance, and improve skin texture—in a matter of weeks. Combined with two moisturising ingredients, hyaluronic acid and glycerin, that help keep skin plump, hydrated, and supple.", "price": "17.20", "image_url": null, "image": "face_nourising_serum_50ml.jpg", "is_new": false, "star_rating": null, "review_count": null}}, {"model": "products.product", "pk": 18, "fields": {"category": 1, "sku": "FA0009", "name": "Gentle Cleansing Gel", "product_size": "100ml", "description": "The lightweight formula sweeps dirt and make-up away with ease. Non-irritating and hydrating, this is the perfect cleanser for sensitive skins.", "price": "9.90", "image_url": null, "image": "face_cleansing_gel.jpg", "is_new": false, "star_rating": 4, "review_count": null}}, {"model": "products.product", "pk": 19, "fields": {"category": 9, "sku": "FA0010", "name": "Face Ultra Rescue Serum", "product_size": "50ml", "description": "Rescue Face Serum is packed with actives designed to quickly improve skin tone, restore skin elasticity, reduce the appearance of dark spots, lines and much more. It is also designed to augment the rest of your brightening skincare routine by enabling active ingredients to penetrate deeper into the skin, improving overall results of your entire skin care regimen.", "price": "26.50", "image_url": null, "image": "face_skin_rescue_serum_50ml.jpg", "is_new": true, "star_rating": null, "review_count": null}}, {"model": "products.product", "pk": 20, "fields": {"category": 2, "sku": "FA0011", "name": "Face Trio", "product_size": "300ml", "description": "Our best sellers, a creamy daily face wash, our light daily moisturiser, and our cream eye gel, all in one pack! Everything you need for clear, nourished skin.", "price": "32.50", "image_url": null, "image": "face_trio.jpg", "is_new": false, "star_rating": null, "review_count": null}}, {"model": "products.product", "pk": 21, "fields": {"category": 12, "sku": "OR0001", "name": "Organic Face duo", "product_size": "200ml", "description": "Pure organic deep nourishing butter for night use and light daily face cream, all you need for hydrated, clear and moisturised skin.", "price": "24.50", "image_url": null, "image": "organic_body_face_butter_duo.jpg", "is_new": false, "star_rating": 5, "review_count": null}}, {"model": "products.product", "pk": 22, "fields": {"category": 13, "sku": "OR0002", "name": "Organic Daily Body Lotion", "product_size": "200ml", "description": "Light enough to be non-greasy, but nourishing enough to leave your skin feeling nourished and soft.", "price": "12.90", "image_url": null, "image": "organic_body_lotion_200ml.jpg", "is_new": true, "star_rating": 4, "review_count": null}}, {"model": "products.product", "pk": 23, "fields": {"category": 12, "sku": "OR0003", "name": "Organic Daily Face Moisturiser", "product_size": "100ml", "description": "A silky face cream for brighter skin without the irritation. This fast-absorbing moisturiser is proven to deliver a healthy-looking glow. Ideal for sensitive skin.", "price": "12.50", "image_url": null, "image": "organic_daily_face_moisturiser.jpg", "is_new": false, "star_rating": null, "review_count": null}}, {"model": "products.product", "pk": 24, "fields": {"category": 12, "sku": "OR0004", "name": "Organic Face and Eye Serum", "product_size": "150ml", "description": "A daily serum for the face and an ultra soothing gentle serum for the eye area. Our formula blends the ultimate radiance-boosting antioxidant with Bilberry extract for essential skin repair. Highly potent, yet kind to skin. Certified organic and independently patch tested on sensitive skin.", "price": "26.70", "image_url": null, "image": "organic_duo_serum.jpg", "is_new": false, "star_rating": null, "review_count": null}}, {"model": "products.product", "pk": 25, "fields": {"category": 12, "sku": "OR005", "name": "Organic Face Trio", "product_size": "300ml", "description": "Rich night serum, a lighter daily serum, and an anti-irritant gentle serum for the eye area. Added Vitamin C for brighter skin without the irritation. Our fast absorbing serum is proven to deliver a healthy-looking glow. Certified organic and independently patch tested on sensitive skin.", "price": "32.50", "image_url": null, "image": "organic_face_trio_serum.jpg", "is_new": false, "star_rating": null, "review_count": null}}, {"model": "products.product", "pk": 26, "fields": {"category": 12, "sku": "OR0007", "name": "Organic Night Eye and Face Serum", "product_size": "200ml", "description": "Rich night face serum and an anti-irritant gentle night serum for the eye area. Added Vitamin C for brighter skin without the irritation. Our fast absorbing serum is proven to deliver a healthy-looking glow. Certified organic and independently patch tested on sensitive skin.", "price": "22.50", "image_url": null, "image": "organic_night_duo.jpg", "is_new": false, "star_rating": null, "review_count": null}}, {"model": "products.product", "pk": 27, "fields": {"category": 12, "sku": "OR0008", "name": "Organic Night Serum", "product_size": "100ml", "description": "Rich night serum. Added Vitamin C for brighter skin without the irritation. Our fast absorbing serum is proven to deliver a healthy-looking glow. Certified organic and independently patch tested on sensitive skin.", "price": "12.90", "image_url": null, "image": "organic_night_serum.jpg", "is_new": false, "star_rating": null, "review_count": null}}, {"model": "products.product", "pk": 28, "fields": {"category": 13, "sku": "OR0009", "name": "Organic Rich Shower Oil", "product_size": "200ml", "description": "A oil that’s hypoallergenic and dermatologist tested. With glycerin to restores your skin barrier so your body feels clean without being stripped of moisture. With the big bottle, you really get the most out of your purchase — this will last you ages before you even think about needing a restock.", "price": "18.20", "image_url": null, "image": "organic_shower_oil_50ml.jpg", "is_new": true, "star_rating": null, "review_count": null}}, {"model": "products.product", "pk": 29, "fields": {"category": 12, "sku": "OR0010", "name": "Organic Face Trio", "product_size": "300ml", "description": "Everything you need for your face, a gentle rich cleansing cream, a daily moisturiser and a light eye cream.\r\nAll certified organic.", "price": "32.00", "image_url": null, "image": "organic_trio.jpg", "is_new": true, "star_rating": null, "review_count": null}}, {"model": "products.product", "pk": 30, "fields": {"category": 12, "sku": "OR0011", "name": "Organic deep moisturising cream", "product_size": "100ml", "description": "There's no better way to resurrect your skin than with the deeply nourishing properties of pure 100% avocado pear oil, containing antioxidants and packed with Vitamins E, A, B1, B2, C and D for superior restorative qualities. Manuka honey serves to soothe and moisten your skin and the warm and mystical aroma of sandalwood both purifies and uplifts your skin. Certified organic.", "price": "18.90", "image_url": null, "image": "organic_ultra_rich_night_face.jpg", "is_new": true, "star_rating": null, "review_count": null}}, {"model": "checkout.order", "pk": 1, "fields": {"order_number": "5308FC5DF2B34AEE80049976B3C9DB10", "user_profile": 1, "full_name": "Ro", "email": "test@testing.com", "phone_number": "999999", "country": "IE", "postcode": "V9aaaa", "town_or_city": "lina", "street_address1": "reside", "street_address2": "llenagh", "county": "Co. Tipperary", "date": "2023-04-24T17:27:18.399Z", "delivery_cost": "2.30", "order_total": "22.99", "grand_total": "25.29", "original_bag": "{\"1\": 1}", "stripe_pid": "pi_3N0T9vGL6JttpIgf14nLBCog"}}, {"model": "checkout.order", "pk": 2, "fields": {"order_number": "F48265FF177A4349B48BC6C5977FC449", "user_profile": 1, "full_name": "retert", "email": "test@testing.com", "phone_number": "999999", "country": "IE", "postcode": "V9aaaa", "town_or_city": "lina", "street_address1": "reside", "street_address2": "llenagh", "county": "Co. Tipperary", "date": "2023-04-25T14:05:43.162Z", "delivery_cost": "2.30", "order_total": "22.99", "grand_total": "25.29", "original_bag": "{\"1\": 1}", "stripe_pid": "pi_3N0mRgGL6JttpIgf0svtnDDa"}}, {"model": "checkout.order", "pk": 3, "fields": {"order_number": "2DEF4E961B4045D3AEC50671E82767D3", "user_profile": 1, "full_name": "Rozzz", "email": "rozwelch@gmail.com", "phone_number": "999999", "country": "IE", "postcode": "V9aaaa", "town_or_city": "lina", "street_address1": "reside", "street_address2": "llenagh", "county": "Co. Tipperary", "date": "2023-04-29T16:06:51.075Z", "delivery_cost": "0.00", "order_total": "52.30", "grand_total": "52.30", "original_bag": "{\"4\": 1, \"30\": 2}", "stripe_pid": "pi_3N2GHzGL6JttpIgf1VeQ6Zlu"}}, {"model": "checkout.orderlineitem", "pk": 1, "fields": {"order": 1, "product": 1, "quantity": 1, "lineitem_total": "22.99"}}, {"model": "checkout.orderlineitem", "pk": 2, "fields": {"order": 2, "product": 1, "quantity": 1, "lineitem_total": "22.99"}}, {"model": "checkout.orderlineitem", "pk": 3, "fields": {"order": 3, "product": 4, "quantity": 1, "lineitem_total": "14.50"}}, {"model": "checkout.orderlineitem", "pk": 4, "fields": {"order": 3, "product": 30, "quantity": 2, "lineitem_total": "37.80"}}, {"model": "profiles.userprofile", "pk": 1, "fields": {"user": 1, "default_phone_number": "999999", "default_street_address1": "reside", "default_street_address2": "llenagh", "default_town_or_city": "lina", "default_county": "Co. Tipperary", "default_postcode": "V9aaaa", "default_country": "IE"}}, {"model": "profiles.userprofile", "pk": 2, "fields": {"user": 2, "default_phone_number": null, "default_street_address1": null, "default_street_address2": null, "default_town_or_city": null, "default_county": null, "default_postcode": null, "default_country": null}}, {"model": "profiles.userprofile", "pk": 3, "fields": {"user": 3, "default_phone_number": null, "default_street_address1": null, "default_street_address2": null, "default_town_or_city": null, "default_county": null, "default_postcode": null, "default_country": null}}, {"model": "wishlist.wishlist", "pk": 2, "fields": {"user_profile": 1, "product": 3}}, {"model": "wishlist.wishlist", "pk": 4, "fields": {"user_profile": 3, "product": 2}}, {"model": "wishlist.wishlist", "pk": 6, "fields": {"user_profile": 1, "product": 23}}]